DateTime,WeatherCondition,RoadCondition,AccidentSeverity,Latitude,Longitude
2023-01-01 00:00:00,Clear,Dry,Minor,13.018175748552224,80.21439917565671
2023-01-01 01:00:00,Storm,Dry,Minor,13.049170349297842,80.26108646585999
2023-01-01 02:00:00,Rain,Wet,Serious,12.912616974698125,80.25203218595803
2023-01-01 03:00:00,Rain,Wet,Minor,13.00621852490175,80.13077998093875
2023-01-01 04:00:00,Clear,Wet,Minor,12.992936495785937,80.12984989394829
2023-01-01 05:00:00,Clear,Wet,Serious,13.058207594197068,80.15363487354898
2023-01-01 06:00:00,Clear,Wet,Minor,13.076521765120315,80.17221494526821
2023-01-01 07:00:00,Fog,Wet,Serious,12.853039192869346,80.1816911162817
2023-01-01 08:00:00,Rain,Dry,Minor,13.018504979764698,80.23593944336666
2023-01-01 09:00:00,Rain,Dry,Minor,12.862958949779932,80.11133608643316
2023-01-01 10:00:00,Clear,Dry,Minor,12.987214666269338,80.1069345408452
2023-01-01 11:00:00,Storm,Snowy,Minor,12.92190818226092,80.17838211258878
2023-01-01 12:00:00,Fog,Icy,Serious,12.926694149880534,80.2394327384276
2023-01-01 13:00:00,Clear,Dry,Minor,12.938239625863089,80.1386870685913
2023-01-01 14:00:00,Clear,Wet,Minor,13.005323112262403,80.22830089625124
2023-01-01 15:00:00,Clear,Icy,Minor,12.933512491417192,80.15196562758805
2023-01-01 16:00:00,Clear,Dry,Minor,13.033174762647569,80.2772172217627
2023-01-01 17:00:00,Rain,Dry,Serious,12.951131846393467,80.27913798885332
2023-01-01 18:00:00,Clear,Icy,Minor,12.867088300077489,80.15945744085626
2023-01-01 19:00:00,Clear,Dry,Minor,13.045939960621027,80.14599875079264
2023-01-01 20:00:00,Rain,Wet,Fatal,12.921439581148176,80.18226079441324
2023-01-01 21:00:00,Clear,Dry,Minor,12.958191719899816,80.14810631703602
2023-01-01 22:00:00,Clear,Icy,Serious,13.021360970805475,80.23447676865834
2023-01-01 23:00:00,Clear,Snowy,Minor,12.933114039287178,80.26521293690965
2023-01-02 00:00:00,Clear,Icy,Minor,12.864146414036679,80.23461842618224
2023-01-02 01:00:00,Rain,Dry,Minor,12.943480261753203,80.26487008944987
2023-01-02 02:00:00,Clear,Wet,Serious,13.086112145673576,80.17939843244149
2023-01-02 03:00:00,Rain,Wet,Fatal,13.010433599324639,80.13126339414177
2023-01-02 04:00:00,Rain,Dry,Minor,13.017869787166802,80.24759018947951
2023-01-02 05:00:00,Clear,Wet,Minor,13.00807053840941,80.1720949010283
2023-01-02 06:00:00,Rain,Dry,Minor,12.89974803473986,80.23425416504583
2023-01-02 07:00:00,Clear,Dry,Minor,12.95458346602557,80.15412878839635
2023-01-02 08:00:00,Clear,Dry,Minor,13.03773494959083,80.11624592696133
2023-01-02 09:00:00,Snow,Dry,Fatal,12.87534322438829,80.29851635909755
2023-01-02 10:00:00,Storm,Dry,Minor,12.919463194022427,80.13124030158612
2023-01-02 11:00:00,Fog,Wet,Minor,12.919079777116464,80.2976841987927
2023-01-02 12:00:00,Clear,Dry,Minor,12.958004731898626,80.29545598651329
2023-01-02 13:00:00,Clear,Wet,Minor,13.095092185235545,80.25876362078161
2023-01-02 14:00:00,Rain,Dry,Minor,12.866875636670954,80.23188459241639
2023-01-02 15:00:00,Clear,Dry,Minor,12.979675248595148,80.21556141005021
2023-01-02 16:00:00,Clear,Dry,Serious,12.894841170503053,80.27322030907557
2023-01-02 17:00:00,Clear,Wet,Minor,13.092669136352436,80.15788790432389
2023-01-02 18:00:00,Clear,Dry,Minor,12.878325876181865,80.19353624249698
2023-01-02 19:00:00,Snow,Wet,Minor,12.950900250590397,80.2238779938733
2023-01-02 20:00:00,Clear,Wet,Serious,13.034471246208652,80.1822380951739
2023-01-02 21:00:00,Rain,Wet,Serious,13.02613860700686,80.18549729081805
2023-01-02 22:00:00,Clear,Dry,Minor,12.955682159223482,80.16605693350041
2023-01-02 23:00:00,Rain,Dry,Serious,12.936631041988178,80.21284636333691
2023-01-03 00:00:00,Rain,Wet,Minor,12.949403094638217,80.27011490560302
2023-01-03 01:00:00,Clear,Dry,Minor,12.91606906578966,80.14030567560125
2023-01-03 02:00:00,Storm,Wet,Minor,12.9013332346767,80.28688660775069
2023-01-03 03:00:00,Rain,Dry,Minor,12.970759924389721,80.23781753074964
2023-01-03 04:00:00,Snow,Icy,Minor,12.9171334390169,80.264654642536
2023-01-03 05:00:00,Fog,Wet,Serious,12.921865416224312,80.211238138526
2023-01-03 06:00:00,Rain,Snowy,Serious,13.01418901586864,80.2559033402848
2023-01-03 07:00:00,Snow,Dry,Minor,13.092134332924973,80.10324007946788
2023-01-03 08:00:00,Clear,Wet,Minor,13.000909300139844,80.2636760849559
2023-01-03 09:00:00,Clear,Dry,Minor,12.869244866766241,80.10802777181706
2023-01-03 10:00:00,Clear,Dry,Minor,12.868895903463516,80.27798267527257
2023-01-03 11:00:00,Clear,Wet,Minor,13.08785580521139,80.29839254944773
2023-01-03 12:00:00,Clear,Wet,Minor,12.924322697576834,80.15881349243536
2023-01-03 13:00:00,Clear,Snowy,Minor,12.87301674652062,80.14206371125715
2023-01-03 14:00:00,Fog,Wet,Serious,12.999761146787595,80.25307267277161
2023-01-03 15:00:00,Clear,Dry,Minor,13.005912194572566,80.15060526818405
2023-01-03 16:00:00,Clear,Dry,Minor,13.012126205029672,80.27311247663444
2023-01-03 17:00:00,Rain,Wet,Serious,12.916850506964385,80.12056851843148
2023-01-03 18:00:00,Clear,Dry,Minor,12.853777671053619,80.12519103927586
2023-01-03 19:00:00,Fog,Dry,Minor,13.091253842363617,80.29583031102013
2023-01-03 20:00:00,Clear,Dry,Minor,12.912723261422775,80.23476777965399
2023-01-03 21:00:00,Storm,Dry,Minor,13.019006572013136,80.26937744488579
2023-01-03 22:00:00,Rain,Dry,Serious,13.026657467469677,80.1648658754703
2023-01-03 23:00:00,Clear,Dry,Minor,13.002501854269871,80.23529674990412
2023-01-04 00:00:00,Clear,Dry,Minor,12.928226848553411,80.21884836546171
2023-01-04 01:00:00,Fog,Dry,Serious,12.917774063441016,80.22063002402459
2023-01-04 02:00:00,Rain,Snowy,Serious,12.999417070675676,80.23650649190753
2023-01-04 03:00:00,Rain,Dry,Serious,13.066523908402923,80.21507183462582
2023-01-04 04:00:00,Rain,Dry,Minor,13.08668343223085,80.18581247386052
2023-01-04 05:00:00,Clear,Wet,Minor,12.876476451100938,80.1551845388761
2023-01-04 06:00:00,Clear,Dry,Fatal,12.88870715314943,80.25371626618264
2023-01-04 07:00:00,Clear,Icy,Serious,13.08618406469577,80.14525448600064
2023-01-04 08:00:00,Fog,Wet,Minor,13.034133807083698,80.23847086123088
2023-01-04 09:00:00,Rain,Dry,Minor,13.070748456207443,80.14666656452987
2023-01-04 10:00:00,Clear,Dry,Minor,12.900658158533835,80.22506603399088
2023-01-04 11:00:00,Clear,Wet,Serious,12.99689646777735,80.2494156534258
2023-01-04 12:00:00,Clear,Icy,Minor,13.025284898604369,80.1437427777813
2023-01-04 13:00:00,Clear,Dry,Minor,13.020027971361742,80.11198866017226
2023-01-04 14:00:00,Rain,Wet,Minor,12.952037922716674,80.12619474859883
2023-01-04 15:00:00,Rain,Dry,Minor,12.853848722922827,80.2211993934542
2023-01-04 16:00:00,Fog,Snowy,Serious,12.995731514201065,80.26988928124514
2023-01-04 17:00:00,Clear,Dry,Minor,12.913275384794902,80.10899936424708
2023-01-04 18:00:00,Clear,Icy,Serious,12.962563561535722,80.24683025180832
2023-01-04 19:00:00,Rain,Wet,Fatal,13.089395253770954,80.16826372919
2023-01-04 20:00:00,Rain,Wet,Minor,12.949758829410609,80.1957056739839
2023-01-04 21:00:00,Rain,Dry,Minor,13.059950401666107,80.28577190996911
2023-01-04 22:00:00,Rain,Dry,Minor,12.897135151437313,80.16639430094716
2023-01-04 23:00:00,Clear,Dry,Serious,13.018115124506258,80.19306738678789
2023-01-05 00:00:00,Rain,Dry,Minor,13.094251738609735,80.10273648295212
2023-01-05 01:00:00,Clear,Dry,Minor,12.875473275218233,80.11631974400096
2023-01-05 02:00:00,Clear,Wet,Serious,12.852079985556797,80.15171831822695
2023-01-05 03:00:00,Clear,Dry,Minor,12.958395698158153,80.10557044816422
2023-01-05 04:00:00,Clear,Dry,Serious,12.87315637076284,80.22627506520965
2023-01-05 05:00:00,Rain,Snowy,Minor,13.037096087419057,80.18527967136032
2023-01-05 06:00:00,Clear,Wet,Minor,13.078637165962139,80.2096290405456
2023-01-05 07:00:00,Rain,Icy,Minor,12.95850524317719,80.13492943717927
2023-01-05 08:00:00,Snow,Snowy,Serious,12.91467791053886,80.15918640588731
2023-01-05 09:00:00,Clear,Dry,Minor,12.958600829751653,80.23276489497054
2023-01-05 10:00:00,Clear,Dry,Serious,13.0308619544625,80.29306054472607
2023-01-05 11:00:00,Rain,Wet,Serious,12.852263540395093,80.11008335472043
2023-01-05 12:00:00,Clear,Wet,Minor,12.997363497371174,80.27807686417106
2023-01-05 13:00:00,Clear,Dry,Fatal,13.003322921221844,80.21537624026223
2023-01-05 14:00:00,Clear,Wet,Minor,13.009422061723983,80.21278391335112
2023-01-05 15:00:00,Clear,Dry,Minor,12.910505519995219,80.20005570704154
2023-01-05 16:00:00,Snow,Dry,Minor,13.02851318084453,80.11387881718083
2023-01-05 17:00:00,Fog,Dry,Serious,12.872847871582945,80.11797537034722
2023-01-05 18:00:00,Rain,Dry,Minor,12.8998175841167,80.22018240113181
2023-01-05 19:00:00,Fog,Dry,Minor,13.06936751166362,80.1681917142871
2023-01-05 20:00:00,Fog,Dry,Minor,13.03468078768164,80.28345361331553
2023-01-05 21:00:00,Clear,Wet,Minor,12.853436388502836,80.1813181074719
2023-01-05 22:00:00,Fog,Dry,Minor,12.91209406509245,80.12865629174053
2023-01-05 23:00:00,Rain,Dry,Serious,12.90360162074829,80.2429437667004
2023-01-06 00:00:00,Fog,Wet,Serious,12.917701582009244,80.1586706842882
2023-01-06 01:00:00,Fog,Snowy,Minor,12.911889942569971,80.20509406147117
2023-01-06 02:00:00,Clear,Wet,Fatal,12.865631573935712,80.23956655710103
2023-01-06 03:00:00,Clear,Wet,Minor,12.964735129149204,80.2800528222404
2023-01-06 04:00:00,Clear,Wet,Fatal,13.033183368696541,80.25843823896034
2023-01-06 05:00:00,Clear,Dry,Minor,13.001682931179358,80.23527221357455
2023-01-06 06:00:00,Fog,Dry,Minor,13.018217917149519,80.23592663647902
2023-01-06 07:00:00,Fog,Dry,Minor,12.870287294634059,80.28918492880642
2023-01-06 08:00:00,Clear,Dry,Serious,13.087872677544196,80.1591648194993
2023-01-06 09:00:00,Rain,Dry,Minor,13.059622958460755,80.10022241883924
2023-01-06 10:00:00,Clear,Wet,Minor,13.051272579623916,80.15439091187963
2023-01-06 11:00:00,Clear,Dry,Minor,13.055745951260441,80.14357827592535
2023-01-06 12:00:00,Clear,Dry,Minor,13.08317762703319,80.2323669170228
2023-01-06 13:00:00,Clear,Dry,Minor,12.986063491528425,80.2267423199531
2023-01-06 14:00:00,Snow,Wet,Serious,12.900070504466907,80.21869227654093
2023-01-06 15:00:00,Clear,Dry,Serious,13.004195901963135,80.10324868864188
2023-01-06 16:00:00,Rain,Wet,Minor,13.035720373416984,80.24575561089013
2023-01-06 17:00:00,Rain,Dry,Serious,13.034479348338506,80.16470608249709
2023-01-06 18:00:00,Clear,Dry,Minor,12.980362256041719,80.23301119780132
2023-01-06 19:00:00,Storm,Dry,Serious,12.867114679833394,80.21131568570043
2023-01-06 20:00:00,Storm,Wet,Serious,12.942778234607532,80.16854618508557
2023-01-06 21:00:00,Clear,Dry,Minor,13.08019165211584,80.12691525342082
2023-01-06 22:00:00,Clear,Wet,Serious,12.996112227439356,80.1188837795321
2023-01-06 23:00:00,Clear,Dry,Minor,12.984582985813928,80.26630366662243
2023-01-07 00:00:00,Clear,Dry,Minor,12.917213378595548,80.28367950841631
2023-01-07 01:00:00,Clear,Wet,Serious,12.942112229979145,80.22995760935285
2023-01-07 02:00:00,Rain,Wet,Minor,13.073836522288293,80.12068682297209
2023-01-07 03:00:00,Rain,Wet,Minor,13.016615761881708,80.18040544337764
2023-01-07 04:00:00,Clear,Wet,Minor,13.046846756688083,80.24578784002102
2023-01-07 05:00:00,Clear,Wet,Serious,12.963586355766914,80.25596417680201
2023-01-07 06:00:00,Snow,Wet,Minor,13.00756180486404,80.12364372445822
2023-01-07 07:00:00,Clear,Wet,Minor,12.912095902185802,80.10000614376906
2023-01-07 08:00:00,Clear,Wet,Serious,13.026365207570871,80.24242740917612
2023-01-07 09:00:00,Clear,Wet,Serious,12.956900333425834,80.17131923519723
2023-01-07 10:00:00,Storm,Wet,Minor,12.960636378703686,80.15089626632364
2023-01-07 11:00:00,Clear,Wet,Minor,13.01233058114422,80.1025794939579
2023-01-07 12:00:00,Rain,Dry,Minor,13.08407015536723,80.2080598813523
2023-01-07 13:00:00,Rain,Wet,Minor,12.866001586652155,80.27023014708519
2023-01-07 14:00:00,Clear,Wet,Minor,13.056185809336752,80.29152632925451
2023-01-07 15:00:00,Rain,Dry,Serious,12.923095777603049,80.21314899012265
2023-01-07 16:00:00,Clear,Wet,Minor,12.960979863626594,80.20289226554797
2023-01-07 17:00:00,Rain,Dry,Minor,12.855478332193751,80.11701127709784
2023-01-07 18:00:00,Rain,Dry,Minor,12.925261519458578,80.20977456030852
2023-01-07 19:00:00,Rain,Wet,Serious,12.975657810657532,80.17599581579307
2023-01-07 20:00:00,Clear,Dry,Minor,12.864044019336859,80.22142705617671
2023-01-07 21:00:00,Fog,Wet,Fatal,12.972773932345792,80.17774526957531
2023-01-07 22:00:00,Clear,Wet,Minor,13.081777657214607,80.14805982469007
2023-01-07 23:00:00,Clear,Dry,Minor,12.876348304526951,80.11899305504566
2023-01-08 00:00:00,Clear,Dry,Minor,13.041110182018876,80.16298368891778
2023-01-08 01:00:00,Rain,Dry,Minor,12.952417763343998,80.11932896685755
2023-01-08 02:00:00,Rain,Wet,Minor,13.013793428631084,80.13537939016479
2023-01-08 03:00:00,Clear,Snowy,Minor,12.915059149496306,80.29746723171591
2023-01-08 04:00:00,Rain,Wet,Minor,12.889873065635339,80.18882071138133
2023-01-08 05:00:00,Clear,Dry,Serious,12.890115653567806,80.206374353301
2023-01-08 06:00:00,Rain,Wet,Minor,12.867622986410785,80.27472370574743
2023-01-08 07:00:00,Clear,Dry,Serious,12.896411676225311,80.29911378009814
2023-01-08 08:00:00,Rain,Wet,Minor,13.016054846247242,80.21654288986893
2023-01-08 09:00:00,Clear,Dry,Minor,13.070422652960877,80.26249476420882
2023-01-08 10:00:00,Snow,Wet,Minor,13.05353142139779,80.16538820486733
2023-01-08 11:00:00,Clear,Dry,Minor,13.02128357746862,80.16114879148945
2023-01-08 12:00:00,Clear,Snowy,Minor,12.877607965852775,80.18054074419891
2023-01-08 13:00:00,Clear,Dry,Minor,12.922296861573987,80.23450145253473
2023-01-08 14:00:00,Snow,Wet,Minor,12.927451718830618,80.23643833785101
2023-01-08 15:00:00,Fog,Icy,Minor,12.912489236599406,80.16304788692989
2023-01-08 16:00:00,Clear,Dry,Minor,12.97875141492743,80.12664198482732
2023-01-08 17:00:00,Rain,Icy,Serious,12.983888453719917,80.2264792512931
2023-01-08 18:00:00,Fog,Wet,Serious,12.939221493792777,80.12566517243775
2023-01-08 19:00:00,Rain,Dry,Serious,12.938447289684108,80.21569850164586
2023-01-08 20:00:00,Rain,Dry,Serious,13.05713889947652,80.23868442561125
2023-01-08 21:00:00,Clear,Wet,Minor,13.04732321207992,80.24012229927888
2023-01-08 22:00:00,Clear,Dry,Minor,12.926948957920185,80.25069442213191
2023-01-08 23:00:00,Fog,Dry,Serious,13.078447110968314,80.27457188431313
2023-01-09 00:00:00,Snow,Dry,Minor,13.088203754250626,80.19999179839296
2023-01-09 01:00:00,Rain,Wet,Minor,12.93168563550751,80.24604983790591
2023-01-09 02:00:00,Clear,Dry,Minor,12.938606237198263,80.22383454707317
2023-01-09 03:00:00,Clear,Wet,Minor,12.97640853835549,80.13732798795954
2023-01-09 04:00:00,Rain,Snowy,Minor,13.085280203133419,80.10513792897387
2023-01-09 05:00:00,Fog,Snowy,Serious,13.069079858285578,80.15690827713539
2023-01-09 06:00:00,Fog,Wet,Minor,12.875641990645898,80.18860674126752
2023-01-09 07:00:00,Rain,Dry,Minor,12.948182685817853,80.22342118888572
2023-01-09 08:00:00,Rain,Wet,Fatal,12.988342797437443,80.26999186610064
2023-01-09 09:00:00,Clear,Dry,Minor,12.975783118137885,80.13924914334123
2023-01-09 10:00:00,Clear,Dry,Minor,12.898465766984224,80.12510995797969
2023-01-09 11:00:00,Fog,Dry,Minor,13.064704192792039,80.29269598949486
2023-01-09 12:00:00,Rain,Dry,Serious,13.019235195749209,80.12160891187527
2023-01-09 13:00:00,Clear,Wet,Serious,13.059477093712951,80.19569821402143
2023-01-09 14:00:00,Clear,Wet,Minor,13.064691069837368,80.21711274575866
2023-01-09 15:00:00,Rain,Dry,Serious,13.037088963416435,80.20827488418148
2023-01-09 16:00:00,Clear,Dry,Minor,12.95980265031243,80.11720643140659
2023-01-09 17:00:00,Clear,Snowy,Serious,13.002636688753856,80.11140538280071
2023-01-09 18:00:00,Rain,Dry,Serious,12.890091351529936,80.1210966854922
2023-01-09 19:00:00,Rain,Dry,Serious,13.018411354368727,80.21711753677452
2023-01-09 20:00:00,Rain,Dry,Minor,12.89481331393482,80.20886897752686
2023-01-09 21:00:00,Clear,Wet,Fatal,13.02348739762754,80.14674815840735
2023-01-09 22:00:00,Rain,Wet,Serious,12.907399540188491,80.22755482836911
2023-01-09 23:00:00,Clear,Dry,Minor,12.879387825037554,80.26401350041112
2023-01-10 00:00:00,Clear,Dry,Serious,12.89132112253574,80.10831579196932
2023-01-10 01:00:00,Rain,Wet,Minor,12.850498033804767,80.1996259887096
2023-01-10 02:00:00,Rain,Wet,Serious,13.029684904463382,80.23786208242053
2023-01-10 03:00:00,Fog,Dry,Minor,13.033100262264595,80.15046238541393
2023-01-10 04:00:00,Rain,Snowy,Serious,12.978733337478314,80.16155418105862
2023-01-10 05:00:00,Rain,Dry,Minor,12.890340700263845,80.22272758059788
2023-01-10 06:00:00,Clear,Dry,Minor,12.870888584377672,80.27958705868875
2023-01-10 07:00:00,Clear,Icy,Minor,12.854782241609321,80.26198488406058
2023-01-10 08:00:00,Clear,Dry,Minor,12.891437044241306,80.21662604381991
2023-01-10 09:00:00,Clear,Wet,Minor,13.072713883745786,80.24604434355145
2023-01-10 10:00:00,Storm,Dry,Minor,12.91038421042542,80.17296449404155
2023-01-10 11:00:00,Clear,Dry,Minor,12.938567831804303,80.22819310561975
2023-01-10 12:00:00,Fog,Snowy,Minor,12.876336371120333,80.1932363182255
2023-01-10 13:00:00,Rain,Dry,Minor,12.905590326187042,80.1379872272915
2023-01-10 14:00:00,Rain,Wet,Serious,12.97980614269505,80.24034765477545
2023-01-10 15:00:00,Rain,Dry,Minor,13.001938170773913,80.21129292746976
2023-01-10 16:00:00,Rain,Dry,Serious,12.911338078541553,80.17172431639071
2023-01-10 17:00:00,Clear,Dry,Serious,12.86443303980628,80.28226783801573
2023-01-10 18:00:00,Clear,Wet,Minor,12.94775821728185,80.10418682356534
2023-01-10 19:00:00,Rain,Dry,Minor,12.908550842731584,80.16315463024989
2023-01-10 20:00:00,Clear,Wet,Serious,12.90488848080745,80.11137627955553
2023-01-10 21:00:00,Clear,Dry,Minor,13.089965700678363,80.25330546324432
2023-01-10 22:00:00,Rain,Snowy,Minor,13.004075121481431,80.24042149082275
2023-01-10 23:00:00,Clear,Dry,Minor,12.989219610793024,80.16627044374727
2023-01-11 00:00:00,Snow,Wet,Serious,12.95394377588083,80.23513258044142
2023-01-11 01:00:00,Storm,Wet,Minor,12.957236083357536,80.17918744523918
2023-01-11 02:00:00,Snow,Wet,Minor,12.98522625095952,80.25125075828448
2023-01-11 03:00:00,Clear,Wet,Fatal,13.024107451759026,80.19083673254734
2023-01-11 04:00:00,Clear,Wet,Serious,13.025536524045457,80.18245594556633
2023-01-11 05:00:00,Snow,Wet,Minor,12.892923476926361,80.28694598309765
2023-01-11 06:00:00,Clear,Dry,Minor,12.975028188019156,80.15017581997813
2023-01-11 07:00:00,Storm,Dry,Serious,12.952989523758525,80.12408946799931
2023-01-11 08:00:00,Storm,Icy,Minor,13.067631741567345,80.21690862265189
2023-01-11 09:00:00,Fog,Wet,Minor,13.007854730304594,80.29386436245683
2023-01-11 10:00:00,Clear,Wet,Minor,12.983126016603995,80.17556784274544
2023-01-11 11:00:00,Clear,Dry,Serious,12.87884866054473,80.11240735272575
2023-01-11 12:00:00,Fog,Dry,Minor,13.001409472330852,80.1678610534619
2023-01-11 13:00:00,Clear,Dry,Serious,12.879300976420058,80.2011863308639
2023-01-11 14:00:00,Clear,Wet,Serious,12.934301643891438,80.13238460132644
2023-01-11 15:00:00,Rain,Dry,Minor,12.885710491203582,80.23162044361129
2023-01-11 16:00:00,Snow,Dry,Minor,13.023018411756091,80.29954987780204
2023-01-11 17:00:00,Rain,Dry,Minor,12.901563028459037,80.19034789519628
2023-01-11 18:00:00,Rain,Dry,Minor,12.947964843297006,80.17094571134604
2023-01-11 19:00:00,Clear,Dry,Minor,13.073918694404695,80.18014083336689
2023-01-11 20:00:00,Rain,Dry,Serious,12.901079095849742,80.12302923567904
2023-01-11 21:00:00,Storm,Wet,Minor,12.976951265989694,80.27665472028524
2023-01-11 22:00:00,Clear,Dry,Serious,12.954817915291505,80.18296513110427
2023-01-11 23:00:00,Rain,Dry,Minor,12.854531010261432,80.17745488228496
2023-01-12 00:00:00,Fog,Dry,Minor,13.048189528393204,80.2319380545861
2023-01-12 01:00:00,Rain,Dry,Minor,12.86726147657865,80.18840668418622
2023-01-12 02:00:00,Rain,Dry,Minor,12.968563755244238,80.22964669376157
2023-01-12 03:00:00,Rain,Dry,Serious,12.990169573734738,80.11228925802615
2023-01-12 04:00:00,Clear,Wet,Minor,13.007106614153646,80.26274466874445
2023-01-12 05:00:00,Clear,Dry,Minor,13.022157907326969,80.28810079057588
2023-01-12 06:00:00,Fog,Wet,Minor,12.913318095880678,80.22975307723188
2023-01-12 07:00:00,Fog,Wet,Minor,12.852494694164612,80.29091318577176
2023-01-12 08:00:00,Fog,Wet,Minor,13.030860915588727,80.13028646287398
2023-01-12 09:00:00,Snow,Dry,Minor,12.983914149836894,80.19548323789607
2023-01-12 10:00:00,Rain,Dry,Fatal,13.059029425801812,80.22036134678909
2023-01-12 11:00:00,Rain,Dry,Minor,13.055347090725173,80.21634732948424
2023-01-12 12:00:00,Rain,Dry,Serious,13.060831541946971,80.1802923558178
2023-01-12 13:00:00,Rain,Snowy,Minor,12.971273664994884,80.16761688187324
2023-01-12 14:00:00,Rain,Dry,Minor,12.933407098959217,80.12536480451008
2023-01-12 15:00:00,Rain,Dry,Minor,13.047889550647842,80.17834849011246
2023-01-12 16:00:00,Fog,Wet,Minor,12.962823528257314,80.1325321630211
2023-01-12 17:00:00,Clear,Wet,Minor,12.895860549100858,80.24687313529844
2023-01-12 18:00:00,Clear,Dry,Minor,13.063743504890368,80.14176618709891
2023-01-12 19:00:00,Clear,Dry,Minor,13.070639969193087,80.1117130610569
2023-01-12 20:00:00,Rain,Dry,Minor,12.966577439035042,80.21047322756344
2023-01-12 21:00:00,Clear,Dry,Minor,12.868924931827447,80.21904594654387
2023-01-12 22:00:00,Clear,Dry,Fatal,12.946956522479233,80.2743826122561
2023-01-12 23:00:00,Rain,Dry,Minor,13.050884414865651,80.21539632248353
2023-01-13 00:00:00,Clear,Dry,Minor,13.075443507136557,80.16909617074468
2023-01-13 01:00:00,Rain,Dry,Minor,12.900868185624399,80.26060237630526
2023-01-13 02:00:00,Clear,Dry,Minor,12.866743403006318,80.20805577863749
2023-01-13 03:00:00,Clear,Dry,Minor,13.06933761328321,80.11585605692623
2023-01-13 04:00:00,Fog,Dry,Minor,12.947351234744719,80.21317011206264
2023-01-13 05:00:00,Clear,Wet,Minor,12.98544024106689,80.28160370908432
2023-01-13 06:00:00,Clear,Wet,Minor,13.09201645301269,80.17926252509965
2023-01-13 07:00:00,Rain,Dry,Minor,12.866641181978556,80.15926516037996
2023-01-13 08:00:00,Rain,Dry,Minor,13.012079501863024,80.1286938914036
2023-01-13 09:00:00,Clear,Dry,Minor,12.868526355643716,80.13028910438706
2023-01-13 10:00:00,Rain,Wet,Minor,12.943867232116625,80.18655429686837
2023-01-13 11:00:00,Clear,Wet,Minor,13.050953636298361,80.2191359648323
2023-01-13 12:00:00,Clear,Dry,Serious,12.958368058188908,80.11612308103392
2023-01-13 13:00:00,Rain,Icy,Minor,13.099295588475737,80.28791371780503
2023-01-13 14:00:00,Rain,Dry,Minor,12.98976482123665,80.25102672348903
2023-01-13 15:00:00,Rain,Dry,Minor,12.930290538158989,80.21732478365674
2023-01-13 16:00:00,Rain,Wet,Serious,12.905027831476188,80.2656877341878
2023-01-13 17:00:00,Storm,Wet,Minor,12.93763013357154,80.11603735136242
2023-01-13 18:00:00,Rain,Wet,Minor,12.943133318439887,80.19536777554661
2023-01-13 19:00:00,Clear,Wet,Minor,12.86717841943099,80.22601862537233
2023-01-13 20:00:00,Rain,Dry,Minor,12.942393549856693,80.26573058122365
2023-01-13 21:00:00,Clear,Wet,Minor,12.966059629934806,80.25669391200985
2023-01-13 22:00:00,Clear,Dry,Minor,13.030684438059701,80.15541384994268
2023-01-13 23:00:00,Clear,Wet,Serious,13.014182371180402,80.28817603391184
2023-01-14 00:00:00,Clear,Dry,Minor,13.027191413807289,80.12486916828617
2023-01-14 01:00:00,Storm,Wet,Serious,12.852090920469214,80.27502672372422
2023-01-14 02:00:00,Fog,Dry,Fatal,12.904416849895133,80.29418804992092
2023-01-14 03:00:00,Rain,Wet,Minor,13.015421072099963,80.13543070464452
2023-01-14 04:00:00,Clear,Dry,Minor,12.970997342044937,80.24441321284075
2023-01-14 05:00:00,Clear,Wet,Minor,12.851328368917086,80.1080571037556
2023-01-14 06:00:00,Clear,Dry,Minor,13.051123660607955,80.18108456502783
2023-01-14 07:00:00,Clear,Dry,Minor,13.043202393322584,80.20325665983952
2023-01-14 08:00:00,Rain,Dry,Serious,12.98710479074839,80.21612904518193
2023-01-14 09:00:00,Rain,Dry,Serious,12.866615831444067,80.2871874496497
2023-01-14 10:00:00,Rain,Wet,Minor,13.041628762383146,80.23445013745884
2023-01-14 11:00:00,Clear,Dry,Minor,12.995928396932841,80.19625559024384
2023-01-14 12:00:00,Storm,Snowy,Serious,13.04548999428949,80.26193500725317
2023-01-14 13:00:00,Rain,Dry,Fatal,13.037936748098959,80.29010656419088
2023-01-14 14:00:00,Rain,Dry,Serious,13.050750517989458,80.10441322973645
2023-01-14 15:00:00,Rain,Wet,Minor,12.979502016601156,80.29650425445121
2023-01-14 16:00:00,Clear,Wet,Minor,12.885081129548379,80.11722642781272
2023-01-14 17:00:00,Clear,Dry,Minor,13.017789368344921,80.26287735585375
2023-01-14 18:00:00,Clear,Dry,Minor,13.005118446262992,80.15606695051028
2023-01-14 19:00:00,Rain,Wet,Minor,13.035563296799772,80.12643593155077
2023-01-14 20:00:00,Clear,Dry,Minor,12.892470251512684,80.18797112794276
2023-01-14 21:00:00,Clear,Snowy,Minor,12.898743799975072,80.22879131588952
2023-01-14 22:00:00,Clear,Snowy,Minor,13.072602379304831,80.17619036900469
2023-01-14 23:00:00,Clear,Wet,Minor,13.037494449613018,80.11091308165653
2023-01-15 00:00:00,Fog,Dry,Minor,13.07705712217508,80.21989222793174
2023-01-15 01:00:00,Rain,Wet,Minor,13.03967883029098,80.28048065522214
2023-01-15 02:00:00,Clear,Dry,Minor,12.999288826497574,80.17664307318944
2023-01-15 03:00:00,Clear,Dry,Minor,13.013533184256968,80.14326655552615
2023-01-15 04:00:00,Clear,Dry,Serious,13.072281980985002,80.18851546918656
2023-01-15 05:00:00,Clear,Dry,Minor,12.994701688627984,80.10967254220975
2023-01-15 06:00:00,Clear,Wet,Minor,13.008097831082097,80.26409751689606
2023-01-15 07:00:00,Clear,Wet,Minor,12.8891191790009,80.26526816219004
2023-01-15 08:00:00,Clear,Wet,Serious,12.968480305029026,80.21760009268593
2023-01-15 09:00:00,Rain,Dry,Minor,13.029099277989525,80.17062057778767
2023-01-15 10:00:00,Rain,Dry,Minor,12.917735674579092,80.25995667288916
2023-01-15 11:00:00,Clear,Dry,Minor,12.900563545131133,80.21093740495768
2023-01-15 12:00:00,Clear,Snowy,Minor,12.928456702056103,80.26518646171
2023-01-15 13:00:00,Rain,Dry,Minor,12.910375156998208,80.2262917585166
2023-01-15 14:00:00,Rain,Wet,Minor,12.9037281592591,80.25688109464255
2023-01-15 15:00:00,Fog,Dry,Serious,12.956212710717022,80.21971259864355
2023-01-15 16:00:00,Rain,Dry,Minor,13.076959628470883,80.18282821364313
2023-01-15 17:00:00,Clear,Wet,Serious,12.976764911684679,80.29158917198522
2023-01-15 18:00:00,Clear,Dry,Serious,12.89698009520383,80.20822276497576
2023-01-15 19:00:00,Rain,Wet,Minor,12.869242917345218,80.2210179037081
2023-01-15 20:00:00,Clear,Icy,Serious,13.024039036284481,80.14409752788295
2023-01-15 21:00:00,Rain,Dry,Minor,12.945699691109096,80.22513015788545
2023-01-15 22:00:00,Snow,Dry,Minor,13.05545773664634,80.21432152989658
2023-01-15 23:00:00,Rain,Dry,Minor,13.014877692160193,80.1369676795894
2023-01-16 00:00:00,Clear,Icy,Minor,13.049060362635341,80.11191741947063
2023-01-16 01:00:00,Rain,Dry,Minor,12.917986509854611,80.22087186394295
2023-01-16 02:00:00,Clear,Wet,Minor,13.023089730615265,80.25273845387007
2023-01-16 03:00:00,Rain,Wet,Minor,12.91601549617343,80.2046802741844
2023-01-16 04:00:00,Snow,Wet,Minor,13.084767119862573,80.14535452506392
2023-01-16 05:00:00,Clear,Dry,Minor,13.009093570383342,80.2333043953386
2023-01-16 06:00:00,Storm,Wet,Minor,12.931127950043836,80.11602114532191
2023-01-16 07:00:00,Snow,Icy,Minor,12.917377965573067,80.18836674096039
2023-01-16 08:00:00,Clear,Dry,Minor,12.89773164626791,80.13267335167968
2023-01-16 09:00:00,Clear,Dry,Serious,13.023660239723432,80.13689181021198
2023-01-16 10:00:00,Clear,Snowy,Minor,12.904678903249481,80.14045878983164
2023-01-16 11:00:00,Clear,Dry,Serious,12.998825816481872,80.17734141140879
2023-01-16 12:00:00,Clear,Wet,Minor,12.916158756731338,80.11023004112407
2023-01-16 13:00:00,Rain,Dry,Minor,13.015492236198467,80.17955868818582
2023-01-16 14:00:00,Clear,Dry,Minor,13.053734932135134,80.20234148942293
2023-01-16 15:00:00,Clear,Wet,Minor,13.044506310786163,80.19665885699327
2023-01-16 16:00:00,Fog,Dry,Minor,13.040212832732696,80.1765568200806
2023-01-16 17:00:00,Clear,Dry,Serious,12.896930601423062,80.26782932161414
2023-01-16 18:00:00,Fog,Dry,Minor,12.87209623674613,80.1290653384841
2023-01-16 19:00:00,Clear,Dry,Serious,13.024737207121847,80.20113934875627
2023-01-16 20:00:00,Clear,Dry,Serious,12.942086803448587,80.1124082833913
2023-01-16 21:00:00,Rain,Dry,Serious,12.958086556600836,80.11423113577558
2023-01-16 22:00:00,Rain,Snowy,Serious,12.857787273198348,80.21477316993541
2023-01-16 23:00:00,Fog,Dry,Minor,12.914894112318763,80.21320368497756
2023-01-17 00:00:00,Rain,Wet,Minor,12.858419100968616,80.2756067025689
2023-01-17 01:00:00,Fog,Dry,Minor,13.069796443150311,80.211574735132
2023-01-17 02:00:00,Clear,Wet,Minor,12.910849170804632,80.29195820408097
2023-01-17 03:00:00,Clear,Dry,Minor,12.989334292393252,80.10973896967998
2023-01-17 04:00:00,Rain,Snowy,Serious,12.859744830165281,80.11960153695614
2023-01-17 05:00:00,Fog,Dry,Minor,13.016711847826414,80.10881317231407
2023-01-17 06:00:00,Storm,Dry,Minor,12.930756836438523,80.1370553700667
2023-01-17 07:00:00,Clear,Dry,Minor,13.074479796739416,80.20825402218833
2023-01-17 08:00:00,Clear,Dry,Minor,13.072029547233509,80.22911443628549
2023-01-17 09:00:00,Rain,Dry,Minor,12.931322654590437,80.10911703158973
2023-01-17 10:00:00,Clear,Dry,Serious,13.075240223922616,80.28919417796912
2023-01-17 11:00:00,Snow,Wet,Minor,13.099039418374694,80.26843307533008
2023-01-17 12:00:00,Fog,Dry,Minor,13.056353916030986,80.15932249643141
2023-01-17 13:00:00,Clear,Dry,Minor,13.061217836938807,80.11543750604528
2023-01-17 14:00:00,Rain,Wet,Minor,12.912252184027272,80.13397741464381
2023-01-17 15:00:00,Rain,Wet,Minor,12.994175599714438,80.12538888275098
2023-01-17 16:00:00,Clear,Dry,Minor,12.866813978491841,80.12465675585979
2023-01-17 17:00:00,Snow,Dry,Minor,12.873729484205416,80.20371233773314
2023-01-17 18:00:00,Rain,Dry,Minor,13.099723153008322,80.14916948849867
2023-01-17 19:00:00,Fog,Wet,Minor,12.931659812356477,80.17162794330582
2023-01-17 20:00:00,Clear,Wet,Minor,13.03704597801221,80.29790106667686
2023-01-17 21:00:00,Fog,Dry,Minor,13.051666263256704,80.23686284978507
2023-01-17 22:00:00,Clear,Wet,Minor,13.064505817751806,80.2897961334094
2023-01-17 23:00:00,Clear,Wet,Minor,13.09940707435054,80.12851131100662
2023-01-18 00:00:00,Snow,Dry,Fatal,12.910374121314216,80.17642789496651
2023-01-18 01:00:00,Clear,Wet,Minor,12.860087706714925,80.21094636065646
2023-01-18 02:00:00,Clear,Dry,Minor,12.952797879498647,80.11535161237774
2023-01-18 03:00:00,Storm,Dry,Minor,12.882520167457237,80.10083748872559
2023-01-18 04:00:00,Storm,Dry,Minor,12.855606472290514,80.23408686675938
2023-01-18 05:00:00,Rain,Dry,Minor,12.940106706785372,80.22836390336029
2023-01-18 06:00:00,Rain,Dry,Minor,13.045934562768808,80.18215776199992
2023-01-18 07:00:00,Clear,Icy,Fatal,12.991545172806267,80.1979288152064
2023-01-18 08:00:00,Clear,Dry,Minor,12.928194497302588,80.18308860011841
2023-01-18 09:00:00,Clear,Dry,Minor,13.01358550137318,80.10480100896898
2023-01-18 10:00:00,Rain,Dry,Minor,12.908004545077203,80.16707432124349
2023-01-18 11:00:00,Rain,Icy,Minor,12.853595361518021,80.13541645107945
2023-01-18 12:00:00,Rain,Dry,Minor,13.041088346609106,80.11968483782027
2023-01-18 13:00:00,Rain,Dry,Minor,13.005935771216002,80.29134408677787
2023-01-18 14:00:00,Clear,Dry,Serious,13.04057565612524,80.21987194500844
2023-01-18 15:00:00,Clear,Dry,Minor,12.859734504171916,80.24573125684732
2023-01-18 16:00:00,Clear,Snowy,Minor,13.059279906957663,80.16307274865322
2023-01-18 17:00:00,Rain,Snowy,Serious,13.004881550009076,80.1786294258988
2023-01-18 18:00:00,Clear,Dry,Minor,12.99084883767816,80.14738479877934
2023-01-18 19:00:00,Fog,Snowy,Fatal,13.006153512028632,80.11939313419307
2023-01-18 20:00:00,Clear,Wet,Minor,13.066108311717091,80.13580632748831
2023-01-18 21:00:00,Clear,Wet,Serious,12.996734126639726,80.2595028090593
2023-01-18 22:00:00,Clear,Dry,Minor,12.995237594972044,80.23550916103675
2023-01-18 23:00:00,Rain,Dry,Serious,13.09766978926644,80.20938577519709
2023-01-19 00:00:00,Rain,Dry,Fatal,13.039182541767142,80.19501797457335
2023-01-19 01:00:00,Clear,Wet,Minor,12.960573451362784,80.28448685673122
2023-01-19 02:00:00,Clear,Dry,Fatal,13.026849250008231,80.11454698955573
2023-01-19 03:00:00,Rain,Dry,Minor,12.947307617922947,80.15612016264758
2023-01-19 04:00:00,Clear,Dry,Minor,12.907218865620875,80.16998757071414
2023-01-19 05:00:00,Fog,Wet,Minor,12.99921296922194,80.25648516244256
2023-01-19 06:00:00,Rain,Dry,Minor,13.082045524528487,80.29850292403239
2023-01-19 07:00:00,Clear,Wet,Minor,13.082284880003865,80.14813410295143
2023-01-19 08:00:00,Clear,Snowy,Minor,12.935476319526373,80.27486146682742
2023-01-19 09:00:00,Storm,Dry,Minor,12.981919366555424,80.26612455208635
2023-01-19 10:00:00,Clear,Wet,Serious,12.902908974642465,80.14493147952835
2023-01-19 11:00:00,Clear,Dry,Serious,13.09890777737472,80.17986651603984
2023-01-19 12:00:00,Fog,Wet,Minor,13.095279476966983,80.1819345738585
2023-01-19 13:00:00,Snow,Dry,Minor,13.01237723242686,80.29564413370531
2023-01-19 14:00:00,Storm,Wet,Minor,13.051103514919369,80.13617838027578
2023-01-19 15:00:00,Rain,Wet,Minor,13.028775040320925,80.25983159422096
2023-01-19 16:00:00,Clear,Icy,Minor,12.998289554759866,80.16683854283461
2023-01-19 17:00:00,Clear,Wet,Minor,12.863336999247224,80.24617406915523
2023-01-19 18:00:00,Rain,Dry,Minor,12.963691085638166,80.18400220085913
2023-01-19 19:00:00,Rain,Wet,Fatal,13.018696575541853,80.21567195262331
2023-01-19 20:00:00,Clear,Wet,Minor,13.019382903470921,80.26652235466523
2023-01-19 21:00:00,Snow,Dry,Minor,12.943280654605596,80.26083311299678
2023-01-19 22:00:00,Clear,Dry,Minor,13.085422996664507,80.27328463670794
2023-01-19 23:00:00,Clear,Icy,Minor,12.891839258059195,80.11192346506893
2023-01-20 00:00:00,Clear,Wet,Minor,12.97508986155389,80.23841011060794
2023-01-20 01:00:00,Clear,Wet,Minor,13.022720994137705,80.12799747534434
2023-01-20 02:00:00,Clear,Dry,Minor,13.024283951472952,80.18316371360368
2023-01-20 03:00:00,Clear,Wet,Minor,13.012159739192203,80.20971768301094
2023-01-20 04:00:00,Clear,Dry,Fatal,12.918822053362964,80.18054789694936
2023-01-20 05:00:00,Rain,Wet,Serious,12.889051642171655,80.2039223351606
2023-01-20 06:00:00,Rain,Dry,Minor,13.008985081706678,80.29930526175973
2023-01-20 07:00:00,Rain,Wet,Minor,12.99982552903486,80.12704346274256
2023-01-20 08:00:00,Storm,Snowy,Minor,12.89483900257231,80.23509120906728
2023-01-20 09:00:00,Clear,Dry,Minor,13.02628478639264,80.17920019327711
2023-01-20 10:00:00,Clear,Snowy,Minor,12.963792997933414,80.12660195978145
2023-01-20 11:00:00,Fog,Dry,Minor,13.016940147900788,80.13174735267485
2023-01-20 12:00:00,Clear,Wet,Minor,13.059341769942538,80.28985462124912
2023-01-20 13:00:00,Storm,Wet,Minor,12.89243210714423,80.27592029934235
2023-01-20 14:00:00,Clear,Dry,Minor,12.854786216999209,80.281408392083
2023-01-20 15:00:00,Storm,Wet,Fatal,13.044775646598946,80.29830655516547
2023-01-20 16:00:00,Clear,Wet,Serious,13.002424356288154,80.1416630780017
2023-01-20 17:00:00,Fog,Dry,Serious,13.02490989240553,80.1710878674728
2023-01-20 18:00:00,Rain,Dry,Minor,13.05953874374716,80.23384380598498
2023-01-20 19:00:00,Storm,Wet,Serious,13.050702733706125,80.19676050797213
2023-01-20 20:00:00,Clear,Wet,Minor,13.090230036732207,80.18367790667567
2023-01-20 21:00:00,Rain,Wet,Serious,12.98398376971303,80.17156224986711
2023-01-20 22:00:00,Storm,Wet,Minor,12.972123908164976,80.21875612638868
2023-01-20 23:00:00,Rain,Dry,Serious,12.950471799972682,80.21511868572802
2023-01-21 00:00:00,Rain,Wet,Minor,12.88842276071105,80.13229156681284
2023-01-21 01:00:00,Rain,Dry,Serious,12.993151808220505,80.19434796750369
2023-01-21 02:00:00,Clear,Dry,Serious,12.919253131081494,80.21069435524197
2023-01-21 03:00:00,Rain,Dry,Minor,13.080326878053244,80.21405738774628
2023-01-21 04:00:00,Rain,Dry,Minor,12.995797701069273,80.14202143858246
2023-01-21 05:00:00,Snow,Dry,Fatal,12.998210045127028,80.24845427845045
2023-01-21 06:00:00,Clear,Dry,Minor,12.938731165219252,80.10503981896422
2023-01-21 07:00:00,Clear,Wet,Serious,12.862997337994427,80.17096637110863
2023-01-21 08:00:00,Storm,Dry,Minor,12.857935941343246,80.25604252970712
2023-01-21 09:00:00,Fog,Dry,Minor,12.9558337860383,80.21277858421108
2023-01-21 10:00:00,Clear,Dry,Minor,12.87114134452431,80.15223248650217
2023-01-21 11:00:00,Rain,Dry,Minor,13.001711738885035,80.2389906238686
2023-01-21 12:00:00,Clear,Dry,Serious,13.070243251409915,80.21347818883122
2023-01-21 13:00:00,Clear,Dry,Minor,13.07072870412968,80.25924872189127
2023-01-21 14:00:00,Clear,Wet,Minor,13.014761352533057,80.24700503723795
2023-01-21 15:00:00,Clear,Wet,Minor,12.902807957868232,80.22202158440724
2023-01-21 16:00:00,Rain,Wet,Minor,13.065749207839717,80.19763553506216
2023-01-21 17:00:00,Clear,Dry,Serious,13.071523358828301,80.1266364251335
2023-01-21 18:00:00,Storm,Dry,Fatal,12.89916339623824,80.15226660357708
2023-01-21 19:00:00,Storm,Wet,Minor,13.03435652144267,80.18381989458341
2023-01-21 20:00:00,Rain,Dry,Serious,12.92162988723178,80.21985985740127
2023-01-21 21:00:00,Rain,Dry,Serious,13.050660078088232,80.20274157104306
2023-01-21 22:00:00,Clear,Dry,Minor,13.0993094749759,80.15763690519191
2023-01-21 23:00:00,Fog,Dry,Fatal,12.857506501332347,80.10129287155793
2023-01-22 00:00:00,Rain,Dry,Minor,13.074341466447732,80.19924784438015
2023-01-22 01:00:00,Clear,Dry,Minor,13.005657633399665,80.15712519771245
2023-01-22 02:00:00,Snow,Dry,Serious,13.093345654791205,80.2469216601421
2023-01-22 03:00:00,Fog,Dry,Minor,12.966252379381606,80.1047892530541
2023-01-22 04:00:00,Snow,Wet,Serious,13.061846982642843,80.21696556226115
2023-01-22 05:00:00,Rain,Wet,Serious,12.86559851714957,80.2882948475012
2023-01-22 06:00:00,Rain,Wet,Minor,12.933819762519574,80.1348818534223
2023-01-22 07:00:00,Clear,Wet,Serious,12.866754134437802,80.19432989815012
2023-01-22 08:00:00,Snow,Snowy,Minor,13.093835783369768,80.11828439836343
2023-01-22 09:00:00,Fog,Dry,Minor,13.054243476817959,80.22513638245226
2023-01-22 10:00:00,Clear,Dry,Minor,13.063136855311493,80.21010633611924
2023-01-22 11:00:00,Clear,Dry,Serious,13.084491307858473,80.18147310484257
2023-01-22 12:00:00,Clear,Wet,Minor,12.871275871529946,80.20427540429475
2023-01-22 13:00:00,Fog,Wet,Minor,12.946399398128333,80.2793149316938
2023-01-22 14:00:00,Storm,Dry,Minor,12.867758722261,80.1392588604622
2023-01-22 15:00:00,Clear,Icy,Serious,12.902698275387507,80.10451290234107
2023-01-22 16:00:00,Rain,Dry,Minor,12.907341444259417,80.27233297693982
2023-01-22 17:00:00,Clear,Icy,Minor,12.967276802761894,80.21542341647758
2023-01-22 18:00:00,Storm,Dry,Minor,12.91714054186341,80.27813169109237
2023-01-22 19:00:00,Fog,Dry,Minor,12.87524452670444,80.21938904468263
2023-01-22 20:00:00,Fog,Dry,Serious,12.891872772273526,80.26203221799194
2023-01-22 21:00:00,Clear,Dry,Minor,12.886818890888023,80.18593467267102
2023-01-22 22:00:00,Clear,Dry,Minor,13.093269199478074,80.24997198625765
2023-01-22 23:00:00,Clear,Dry,Fatal,13.039823126729617,80.28260829337796
2023-01-23 00:00:00,Clear,Wet,Minor,13.09194036631739,80.21442459274444
2023-01-23 01:00:00,Fog,Dry,Fatal,12.959935121626977,80.13615703011247
2023-01-23 02:00:00,Fog,Dry,Minor,12.919592120415663,80.15375952300603
2023-01-23 03:00:00,Storm,Wet,Serious,13.049573299302295,80.13972891537948
2023-01-23 04:00:00,Storm,Wet,Minor,12.931563479510286,80.14937140551915
2023-01-23 05:00:00,Rain,Dry,Minor,12.924845843426336,80.1612830898702
2023-01-23 06:00:00,Rain,Dry,Serious,12.908126498051958,80.21102675735064
2023-01-23 07:00:00,Snow,Dry,Serious,12.882419744556058,80.21759832589277
2023-01-23 08:00:00,Fog,Dry,Serious,12.914115765254191,80.18529994944836
2023-01-23 09:00:00,Clear,Wet,Minor,12.938829937118472,80.22308415596416
2023-01-23 10:00:00,Clear,Dry,Serious,13.018498552036432,80.11631498512227
2023-01-23 11:00:00,Clear,Dry,Serious,12.865641210554863,80.11755764741163
2023-01-23 12:00:00,Storm,Wet,Minor,12.902626734916335,80.13436589207153
2023-01-23 13:00:00,Rain,Dry,Serious,13.052255910072919,80.20361549960806
2023-01-23 14:00:00,Clear,Dry,Serious,12.886730480895942,80.14279893573966
2023-01-23 15:00:00,Rain,Dry,Minor,12.93566128663063,80.1566568806985
2023-01-23 16:00:00,Rain,Snowy,Minor,13.066164730464534,80.1800625672346
2023-01-23 17:00:00,Clear,Dry,Minor,12.88873132778586,80.26237322480208
2023-01-23 18:00:00,Clear,Wet,Minor,12.870684208904548,80.10277242718257
2023-01-23 19:00:00,Rain,Dry,Minor,12.971134498770002,80.22987576404732
2023-01-23 20:00:00,Rain,Dry,Minor,12.925604877819634,80.23377530620813
2023-01-23 21:00:00,Rain,Wet,Minor,12.990852091120964,80.25973115607133
2023-01-23 22:00:00,Rain,Snowy,Minor,13.050951222620869,80.28655058781206
2023-01-23 23:00:00,Fog,Wet,Minor,12.884287122038186,80.10402756978985
2023-01-24 00:00:00,Rain,Wet,Serious,12.99517477113857,80.13075674110264
2023-01-24 01:00:00,Rain,Wet,Serious,12.976377190097466,80.27723425881119
2023-01-24 02:00:00,Fog,Dry,Minor,12.886019696503299,80.1917037124374
2023-01-24 03:00:00,Clear,Dry,Fatal,13.005999621382244,80.2129181277867
2023-01-24 04:00:00,Clear,Wet,Minor,12.918410104465192,80.23260544074462
2023-01-24 05:00:00,Clear,Dry,Minor,12.971958579636002,80.23581332089913
2023-01-24 06:00:00,Rain,Wet,Minor,12.870568081069266,80.2863480806633
2023-01-24 07:00:00,Rain,Icy,Minor,12.964896014303406,80.29938988348233
2023-01-24 08:00:00,Rain,Dry,Serious,12.926615867010705,80.24403149218618
2023-01-24 09:00:00,Clear,Dry,Serious,13.055595302796338,80.15744424184102
2023-01-24 10:00:00,Clear,Wet,Minor,12.864244681749343,80.27595048045886
2023-01-24 11:00:00,Clear,Dry,Minor,12.954651818729582,80.10984418290815
2023-01-24 12:00:00,Clear,Wet,Minor,12.96460785603286,80.14621617057489
2023-01-24 13:00:00,Rain,Dry,Minor,13.031251519074779,80.27947714349274
2023-01-24 14:00:00,Clear,Wet,Minor,12.993571893772552,80.15123830288786
2023-01-24 15:00:00,Clear,Dry,Minor,13.016803084298544,80.14413021192435
2023-01-24 16:00:00,Snow,Wet,Serious,13.044262321412939,80.12762505862804
2023-01-24 17:00:00,Clear,Dry,Serious,13.065550743414548,80.27182235152938
2023-01-24 18:00:00,Rain,Dry,Minor,12.928468874180616,80.20001165183821
2023-01-24 19:00:00,Rain,Dry,Serious,12.984505676340975,80.23497864061083
2023-01-24 20:00:00,Clear,Wet,Minor,13.0600270196098,80.147813276815
2023-01-24 21:00:00,Rain,Wet,Minor,13.097362782741264,80.25160808420225
2023-01-24 22:00:00,Fog,Dry,Minor,13.07237982776094,80.25200110899242
2023-01-24 23:00:00,Snow,Dry,Minor,12.942866815656094,80.16251960498165
2023-01-25 00:00:00,Clear,Dry,Fatal,12.898791629304663,80.18213652660205
2023-01-25 01:00:00,Snow,Wet,Minor,12.972348134351646,80.14193805548604
2023-01-25 02:00:00,Clear,Wet,Minor,13.035410362959011,80.29531220466458
2023-01-25 03:00:00,Clear,Dry,Minor,12.973142267688324,80.22912051541168
2023-01-25 04:00:00,Clear,Dry,Minor,12.970795215828417,80.2869087761431
2023-01-25 05:00:00,Storm,Dry,Serious,13.05955760527045,80.16067710872582
2023-01-25 06:00:00,Clear,Dry,Minor,12.940350944766797,80.25637818259938
2023-01-25 07:00:00,Clear,Dry,Minor,13.064948668702911,80.25317172877695
2023-01-25 08:00:00,Rain,Snowy,Minor,12.951701200237931,80.23833113037331
2023-01-25 09:00:00,Clear,Dry,Minor,12.932058276419584,80.29312779505335
2023-01-25 10:00:00,Clear,Wet,Minor,12.963497477799924,80.17871106722126
2023-01-25 11:00:00,Clear,Dry,Minor,13.040611739668718,80.12614346471794
2023-01-25 12:00:00,Clear,Dry,Minor,12.881500506965999,80.2343417718488
2023-01-25 13:00:00,Clear,Wet,Serious,12.899104803968005,80.24586196009544
2023-01-25 14:00:00,Clear,Wet,Serious,13.087861206415772,80.21501211469176
2023-01-25 15:00:00,Rain,Snowy,Serious,12.893872906845338,80.14136357862668
2023-01-25 16:00:00,Clear,Dry,Minor,12.991931829482763,80.20089118833387
2023-01-25 17:00:00,Clear,Dry,Minor,12.994828616665485,80.16243794731382
2023-01-25 18:00:00,Fog,Wet,Minor,12.97240611551256,80.18549330563333
2023-01-25 19:00:00,Clear,Dry,Serious,13.011186312144204,80.22904371516893
2023-01-25 20:00:00,Rain,Dry,Minor,12.907456681449403,80.24904294853816
2023-01-25 21:00:00,Clear,Dry,Minor,12.988165566944186,80.14644493818027
2023-01-25 22:00:00,Clear,Dry,Minor,12.943043313811724,80.18106507212939
2023-01-25 23:00:00,Clear,Wet,Minor,13.015416814907297,80.15383231419833
2023-01-26 00:00:00,Clear,Dry,Minor,12.885305885843287,80.13972632277238
2023-01-26 01:00:00,Clear,Dry,Minor,12.99271935420987,80.25667744399917
2023-01-26 02:00:00,Clear,Dry,Serious,12.89631758884583,80.2818505388874
2023-01-26 03:00:00,Clear,Dry,Minor,12.919660765778758,80.17404643713691
2023-01-26 04:00:00,Clear,Dry,Minor,12.904677450080895,80.25025578487475
2023-01-26 05:00:00,Clear,Dry,Minor,12.895709444967205,80.27939905787288
2023-01-26 06:00:00,Clear,Dry,Minor,13.056427737890166,80.26922484210604
2023-01-26 07:00:00,Clear,Wet,Minor,12.921426891915223,80.13656267770784
2023-01-26 08:00:00,Rain,Dry,Serious,13.081780945466113,80.29125837630266
2023-01-26 09:00:00,Rain,Dry,Minor,13.092481631336298,80.17533528808589
2023-01-26 10:00:00,Clear,Wet,Serious,12.992815117484273,80.16784813223477
2023-01-26 11:00:00,Rain,Wet,Minor,12.885750280666432,80.11248626545554
2023-01-26 12:00:00,Rain,Dry,Minor,12.943637060844894,80.19723473082097
2023-01-26 13:00:00,Clear,Dry,Serious,13.049433065837054,80.12180272312818
2023-01-26 14:00:00,Fog,Dry,Minor,12.941847682174267,80.14970796418548
2023-01-26 15:00:00,Snow,Wet,Minor,12.871754304575697,80.16338852435345
2023-01-26 16:00:00,Clear,Snowy,Minor,12.989196227732046,80.26176526469834
2023-01-26 17:00:00,Clear,Wet,Minor,13.061280212874008,80.27509773007918
2023-01-26 18:00:00,Fog,Dry,Serious,13.048981596785875,80.16049326349228
2023-01-26 19:00:00,Rain,Wet,Minor,12.893780785032588,80.27173962424891
2023-01-26 20:00:00,Clear,Dry,Serious,13.018191153603116,80.27144618747396
2023-01-26 21:00:00,Clear,Dry,Serious,12.905126065858912,80.25293019007697
2023-01-26 22:00:00,Clear,Dry,Minor,12.904551883638042,80.12933902280304
2023-01-26 23:00:00,Clear,Snowy,Serious,13.068517943326295,80.23806456938014
2023-01-27 00:00:00,Rain,Dry,Minor,12.912417238185057,80.2890048129161
2023-01-27 01:00:00,Clear,Wet,Fatal,12.915811836629503,80.23650809575342
2023-01-27 02:00:00,Clear,Dry,Minor,12.850163347690325,80.16632336982157
2023-01-27 03:00:00,Rain,Dry,Minor,13.06766725853138,80.20011586348616
2023-01-27 04:00:00,Clear,Dry,Minor,13.048148703302283,80.2291450086702
2023-01-27 05:00:00,Clear,Dry,Minor,13.00683223377267,80.20211408174569
2023-01-27 06:00:00,Rain,Wet,Minor,13.03756644098471,80.12399058834619
2023-01-27 07:00:00,Fog,Dry,Serious,12.888012141856123,80.1624128089304
2023-01-27 08:00:00,Rain,Wet,Minor,12.964580898646894,80.26047920611072
2023-01-27 09:00:00,Rain,Wet,Minor,12.937804846837194,80.2722836092191
2023-01-27 10:00:00,Clear,Icy,Serious,12.873444131564254,80.1274600065431
2023-01-27 11:00:00,Clear,Dry,Minor,12.97153262130373,80.29047735047975
2023-01-27 12:00:00,Rain,Dry,Fatal,13.080184912585658,80.16576452356972
2023-01-27 13:00:00,Clear,Dry,Serious,12.860014779762674,80.23246274774614
2023-01-27 14:00:00,Clear,Snowy,Fatal,12.922865228373448,80.25036502919133
2023-01-27 15:00:00,Clear,Icy,Serious,12.901885234051425,80.26238924692757
2023-01-27 16:00:00,Clear,Dry,Minor,12.909536663416423,80.28914994044518
2023-01-27 17:00:00,Clear,Wet,Minor,13.077108637969843,80.16258390960576
2023-01-27 18:00:00,Clear,Dry,Serious,12.967017263558573,80.27170129091031
2023-01-27 19:00:00,Clear,Wet,Minor,12.966574853234954,80.12633738068723
2023-01-27 20:00:00,Clear,Dry,Minor,13.04014391061382,80.24100818127071
2023-01-27 21:00:00,Fog,Wet,Minor,12.88862305100123,80.2483955459028
2023-01-27 22:00:00,Rain,Dry,Fatal,12.971816338525013,80.23554464824026
2023-01-27 23:00:00,Rain,Wet,Minor,12.957496303530265,80.15046294722703
2023-01-28 00:00:00,Rain,Wet,Minor,12.999227672636664,80.27460862940303
2023-01-28 01:00:00,Clear,Wet,Minor,13.09988942581261,80.13377169267407
2023-01-28 02:00:00,Clear,Dry,Minor,13.042362223520511,80.11072695830416
2023-01-28 03:00:00,Rain,Dry,Minor,12.949466425754357,80.24349299812238
2023-01-28 04:00:00,Rain,Dry,Minor,13.056888263068512,80.19509514304654
2023-01-28 05:00:00,Rain,Dry,Minor,12.89267709082812,80.26981960399173
2023-01-28 06:00:00,Clear,Dry,Serious,12.85761592157724,80.17667942821164
2023-01-28 07:00:00,Clear,Icy,Minor,12.901112093116067,80.13365571770154
2023-01-28 08:00:00,Clear,Dry,Serious,12.935102889028565,80.26728843849396
2023-01-28 09:00:00,Clear,Dry,Serious,12.977645189364889,80.209781926328
2023-01-28 10:00:00,Rain,Dry,Minor,13.0037822851353,80.13783915847807
2023-01-28 11:00:00,Rain,Dry,Minor,13.077651429303605,80.24407679971729
2023-01-28 12:00:00,Clear,Wet,Minor,12.977463502387614,80.2022227276979
2023-01-28 13:00:00,Storm,Dry,Serious,12.975318911156432,80.22086259644806
2023-01-28 14:00:00,Rain,Icy,Minor,12.862560752455746,80.19217966764131
2023-01-28 15:00:00,Clear,Dry,Minor,12.858727888164056,80.26574179676359
2023-01-28 16:00:00,Clear,Snowy,Minor,12.987789990479092,80.26591254313661
2023-01-28 17:00:00,Clear,Wet,Minor,12.959544653312086,80.24187776436487
2023-01-28 18:00:00,Clear,Dry,Minor,13.059795098745074,80.12108027547929
2023-01-28 19:00:00,Clear,Icy,Minor,12.89016989617796,80.26777077238081
2023-01-28 20:00:00,Clear,Dry,Serious,12.856242915529261,80.23420259610658
2023-01-28 21:00:00,Clear,Wet,Minor,12.962259691982531,80.23940483320085
2023-01-28 22:00:00,Clear,Dry,Minor,12.909369639188064,80.17259656808076
2023-01-28 23:00:00,Fog,Wet,Minor,12.86240359333471,80.2758559112314
2023-01-29 00:00:00,Clear,Wet,Serious,13.031149571711907,80.24507432004697
2023-01-29 01:00:00,Rain,Wet,Minor,12.877898249989311,80.12251809330583
2023-01-29 02:00:00,Clear,Wet,Serious,13.002079875001943,80.18155560688123
2023-01-29 03:00:00,Storm,Dry,Minor,12.920262437541721,80.27727607239203
2023-01-29 04:00:00,Clear,Dry,Minor,12.893374012588755,80.10943934033946
2023-01-29 05:00:00,Clear,Dry,Minor,12.94493788072983,80.2922833239284
2023-01-29 06:00:00,Storm,Dry,Minor,13.050361444055739,80.23583251366391
2023-01-29 07:00:00,Fog,Wet,Minor,12.948023394226142,80.22627519552867
2023-01-29 08:00:00,Fog,Dry,Minor,13.037692412302764,80.1541118512976
2023-01-29 09:00:00,Clear,Snowy,Serious,12.881371574199788,80.14975835774783
2023-01-29 10:00:00,Clear,Wet,Minor,13.043192854916269,80.28841164389772
2023-01-29 11:00:00,Rain,Wet,Minor,12.909233331226663,80.15965449084682
2023-01-29 12:00:00,Snow,Dry,Minor,13.019348282472217,80.2551010593438
2023-01-29 13:00:00,Rain,Wet,Minor,12.991445388710249,80.17862435964142
2023-01-29 14:00:00,Rain,Icy,Minor,13.08228617930292,80.12785081415693
2023-01-29 15:00:00,Clear,Dry,Minor,12.946830629493828,80.10214305953906
2023-01-29 16:00:00,Rain,Wet,Minor,12.86654129720861,80.20885146740305
2023-01-29 17:00:00,Clear,Wet,Minor,12.854788871387813,80.29515576370979
2023-01-29 18:00:00,Clear,Dry,Minor,13.056714640243188,80.17382723876183
2023-01-29 19:00:00,Clear,Dry,Minor,12.981183909415357,80.1714384667986
2023-01-29 20:00:00,Rain,Dry,Minor,13.043811012958736,80.16881832356988
2023-01-29 21:00:00,Clear,Dry,Minor,12.908606400002878,80.20410876746097
2023-01-29 22:00:00,Clear,Dry,Fatal,12.936270936378309,80.18813297668486
2023-01-29 23:00:00,Rain,Dry,Minor,12.85752596805283,80.2759829253454
2023-01-30 00:00:00,Clear,Dry,Minor,13.090373081143527,80.20110415834469
2023-01-30 01:00:00,Rain,Dry,Minor,13.016966976675203,80.20155156763771
2023-01-30 02:00:00,Clear,Snowy,Serious,13.083301271939826,80.1276743189441
2023-01-30 03:00:00,Clear,Dry,Serious,12.916374101857267,80.29654790818208
2023-01-30 04:00:00,Rain,Snowy,Minor,13.002865902806414,80.14999457817376
2023-01-30 05:00:00,Clear,Dry,Fatal,13.01962499207316,80.11467281349192
2023-01-30 06:00:00,Clear,Dry,Minor,12.929387425064396,80.23262924979504
2023-01-30 07:00:00,Clear,Dry,Minor,13.062027308753906,80.21907327403137
2023-01-30 08:00:00,Clear,Dry,Serious,13.086790365725061,80.18302913079854
2023-01-30 09:00:00,Storm,Dry,Serious,13.071213779424001,80.18443844677613
2023-01-30 10:00:00,Clear,Wet,Minor,13.034766743984843,80.25701278420928
2023-01-30 11:00:00,Fog,Dry,Minor,12.919366169931239,80.13914252801993
2023-01-30 12:00:00,Clear,Wet,Minor,12.920404010526408,80.26405066378898
2023-01-30 13:00:00,Rain,Wet,Minor,13.090840080111509,80.229749422779
2023-01-30 14:00:00,Rain,Dry,Serious,12.852571123983923,80.1837939547559
2023-01-30 15:00:00,Rain,Dry,Minor,13.029012493310535,80.19160572331677
2023-01-30 16:00:00,Clear,Wet,Minor,13.026561540638815,80.15132944143721
2023-01-30 17:00:00,Clear,Dry,Minor,13.00567238523745,80.2504228665394
2023-01-30 18:00:00,Clear,Dry,Minor,13.097527211521717,80.20257494846105
2023-01-30 19:00:00,Snow,Snowy,Minor,12.927969858940932,80.16417090854996
2023-01-30 20:00:00,Fog,Dry,Minor,12.934992965948311,80.21921002315219
2023-01-30 21:00:00,Storm,Wet,Fatal,12.869734850736638,80.29914689041026
2023-01-30 22:00:00,Clear,Snowy,Serious,12.960699534135934,80.18705245593131
2023-01-30 23:00:00,Rain,Dry,Minor,12.91526213155871,80.28413828015572
2023-01-31 00:00:00,Snow,Dry,Serious,12.935846675544411,80.16900336798491
2023-01-31 01:00:00,Clear,Dry,Serious,13.058642947563907,80.11094654138499
2023-01-31 02:00:00,Clear,Dry,Serious,13.083871128381874,80.14084842127367
2023-01-31 03:00:00,Rain,Dry,Minor,12.896433268001296,80.18373902866553
2023-01-31 04:00:00,Rain,Wet,Minor,12.943127232888367,80.1439269857189
2023-01-31 05:00:00,Fog,Dry,Minor,13.082157640528848,80.10004540764365
2023-01-31 06:00:00,Clear,Dry,Minor,12.865452115172305,80.2830003075495
2023-01-31 07:00:00,Rain,Snowy,Minor,12.873090132027844,80.26877588224619
2023-01-31 08:00:00,Clear,Wet,Minor,12.890697747301557,80.24845844629739
2023-01-31 09:00:00,Clear,Wet,Minor,12.998803208531719,80.1335629191292
2023-01-31 10:00:00,Clear,Dry,Serious,12.887618067751498,80.124072715242
2023-01-31 11:00:00,Fog,Wet,Minor,13.092019095362684,80.11352094989446
2023-01-31 12:00:00,Rain,Dry,Minor,12.96167863181463,80.24480583775458
2023-01-31 13:00:00,Rain,Dry,Fatal,12.97537949008754,80.28576159213758
2023-01-31 14:00:00,Clear,Dry,Serious,12.911664653951352,80.1861071641826
2023-01-31 15:00:00,Fog,Wet,Serious,12.967740063108684,80.1238281343992
2023-01-31 16:00:00,Clear,Dry,Fatal,13.015478408159252,80.20247856414642
2023-01-31 17:00:00,Fog,Dry,Minor,13.03779428423851,80.16976638149173
2023-01-31 18:00:00,Clear,Dry,Fatal,13.038467020677478,80.17496498487
2023-01-31 19:00:00,Clear,Dry,Minor,12.994472778173522,80.22426612483113
2023-01-31 20:00:00,Clear,Wet,Minor,13.076089943748464,80.24374362265243
2023-01-31 21:00:00,Clear,Wet,Minor,13.054351961826526,80.12212071977463
2023-01-31 22:00:00,Rain,Wet,Minor,13.039262028674656,80.10711804616129
2023-01-31 23:00:00,Rain,Dry,Minor,12.863901380420115,80.29886606053714
2023-02-01 00:00:00,Clear,Dry,Minor,12.851719490554911,80.14654566978311
2023-02-01 01:00:00,Fog,Dry,Serious,12.903111819298868,80.11076610498169
2023-02-01 02:00:00,Clear,Dry,Minor,13.015880898478363,80.13797506581918
2023-02-01 03:00:00,Rain,Dry,Minor,12.952799372220635,80.1077915692697
2023-02-01 04:00:00,Snow,Wet,Serious,12.950601564824828,80.17836217892344
2023-02-01 05:00:00,Rain,Dry,Minor,13.071146722057403,80.26048035689026
2023-02-01 06:00:00,Clear,Dry,Minor,13.07389071203296,80.16824888995154
2023-02-01 07:00:00,Snow,Dry,Minor,13.077293816013396,80.18883668137566
2023-02-01 08:00:00,Rain,Dry,Minor,12.928469519128756,80.23511735471348
2023-02-01 09:00:00,Clear,Dry,Minor,13.022763953184816,80.20177881401398
2023-02-01 10:00:00,Clear,Snowy,Serious,12.917908295318592,80.27228913720427
2023-02-01 11:00:00,Rain,Wet,Minor,12.897652458268611,80.27320713500914
2023-02-01 12:00:00,Rain,Snowy,Minor,12.896158114336842,80.10198213909823
2023-02-01 13:00:00,Rain,Dry,Serious,12.935526905215898,80.25560926129664
2023-02-01 14:00:00,Fog,Dry,Serious,12.957489404944955,80.19214672004833
2023-02-01 15:00:00,Rain,Dry,Minor,13.057737292763766,80.29776810826073
2023-02-01 16:00:00,Clear,Dry,Minor,12.879972773368177,80.19664641517508
2023-02-01 17:00:00,Clear,Wet,Minor,13.033731461848722,80.29737918907766
2023-02-01 18:00:00,Clear,Dry,Minor,12.982863728547326,80.25091387224114
2023-02-01 19:00:00,Rain,Dry,Minor,12.921986335668997,80.14972097692265
2023-02-01 20:00:00,Clear,Dry,Minor,12.973204896133206,80.20767899585739
2023-02-01 21:00:00,Rain,Dry,Fatal,12.924985517444256,80.2984271278957
2023-02-01 22:00:00,Rain,Wet,Minor,12.999020488809576,80.27150612155039
2023-02-01 23:00:00,Fog,Dry,Minor,12.958460980713811,80.11947337875824
2023-02-02 00:00:00,Clear,Dry,Minor,12.891101382269719,80.241274399362
2023-02-02 01:00:00,Fog,Dry,Minor,12.879145768638924,80.16911591717415
2023-02-02 02:00:00,Clear,Dry,Minor,12.986673920518033,80.10139645237606
2023-02-02 03:00:00,Fog,Wet,Minor,13.075603258321525,80.18069619380539
2023-02-02 04:00:00,Clear,Wet,Serious,12.935989421639421,80.14695088434499
2023-02-02 05:00:00,Clear,Snowy,Minor,13.033250026805655,80.26377385410409
2023-02-02 06:00:00,Rain,Wet,Minor,13.014665338734941,80.16746612176915
2023-02-02 07:00:00,Clear,Dry,Minor,13.08288872857737,80.26550473879075
2023-02-02 08:00:00,Clear,Wet,Minor,13.055245254324785,80.10011958776695
2023-02-02 09:00:00,Rain,Dry,Minor,12.991651314726365,80.16156383000522
2023-02-02 10:00:00,Rain,Dry,Minor,13.014257624558526,80.14823304286155
2023-02-02 11:00:00,Rain,Wet,Minor,13.074596616646009,80.14671347221372
2023-02-02 12:00:00,Rain,Dry,Minor,12.949879696146734,80.11363732395309
2023-02-02 13:00:00,Rain,Icy,Serious,12.931698676464444,80.1374248540821
2023-02-02 14:00:00,Clear,Dry,Fatal,12.852702770908799,80.21110991397713
2023-02-02 15:00:00,Clear,Wet,Serious,13.056637768547866,80.15827221456755
2023-02-02 16:00:00,Clear,Wet,Serious,13.05024517510084,80.18347895646582
2023-02-02 17:00:00,Snow,Wet,Minor,12.876113629525037,80.17537337606943
2023-02-02 18:00:00,Rain,Wet,Fatal,12.994214345283174,80.27518098499998
2023-02-02 19:00:00,Clear,Wet,Minor,12.965995424541722,80.2810597998021
2023-02-02 20:00:00,Clear,Dry,Fatal,12.879677273877277,80.19859139433117
2023-02-02 21:00:00,Snow,Dry,Fatal,13.09514205676518,80.16603119006312
2023-02-02 22:00:00,Clear,Dry,Serious,12.903673971865839,80.12136014080046
2023-02-02 23:00:00,Rain,Wet,Fatal,12.86680854502264,80.29068057587642
2023-02-03 00:00:00,Rain,Dry,Minor,12.998711844875476,80.11204538898005
2023-02-03 01:00:00,Rain,Wet,Minor,13.034716669283258,80.15953005551366
2023-02-03 02:00:00,Clear,Dry,Minor,12.858110861511797,80.159613240234
2023-02-03 03:00:00,Fog,Dry,Minor,13.014679409681754,80.16408025722804
2023-02-03 04:00:00,Snow,Wet,Minor,12.983072968987864,80.13285736865447
2023-02-03 05:00:00,Rain,Dry,Minor,12.875816252218762,80.25663228618474
2023-02-03 06:00:00,Rain,Dry,Fatal,12.89313096923659,80.12449957239319
2023-02-03 07:00:00,Snow,Dry,Minor,12.991993574329019,80.22698133183063
2023-02-03 08:00:00,Rain,Snowy,Serious,12.924089403378321,80.12476920534115
2023-02-03 09:00:00,Clear,Wet,Serious,13.08457893216283,80.11410712751858
2023-02-03 10:00:00,Rain,Dry,Serious,13.054685057371012,80.28188590073717
2023-02-03 11:00:00,Rain,Dry,Fatal,13.095891801628415,80.13802575326373
2023-02-03 12:00:00,Clear,Dry,Minor,12.914917709737603,80.26425003091194
2023-02-03 13:00:00,Rain,Wet,Fatal,13.092430908199495,80.20892617422142
2023-02-03 14:00:00,Snow,Wet,Serious,12.957808467447888,80.11557130392175
2023-02-03 15:00:00,Snow,Dry,Minor,12.936879698828438,80.29108963828762
2023-02-03 16:00:00,Clear,Dry,Minor,12.862587381742339,80.14939223339837
2023-02-03 17:00:00,Clear,Dry,Serious,12.8631913144649,80.27192906907052
2023-02-03 18:00:00,Storm,Wet,Minor,13.023002813986663,80.13376200115691
2023-02-03 19:00:00,Fog,Wet,Minor,12.964482248608507,80.27078857642837
2023-02-03 20:00:00,Clear,Dry,Minor,12.906630406509025,80.10264576258105
2023-02-03 21:00:00,Snow,Dry,Minor,13.003492576581309,80.20235609131389
2023-02-03 22:00:00,Fog,Dry,Minor,12.913214529562527,80.25388851588431
2023-02-03 23:00:00,Rain,Snowy,Serious,12.994407938586106,80.28695910349856
2023-02-04 00:00:00,Rain,Dry,Minor,12.939802186745672,80.28184042724129
2023-02-04 01:00:00,Clear,Wet,Minor,13.055888056652954,80.26392497390952
2023-02-04 02:00:00,Clear,Wet,Minor,13.055174040191694,80.27763826993225
2023-02-04 03:00:00,Clear,Dry,Minor,12.9693375995306,80.13984393716741
2023-02-04 04:00:00,Fog,Dry,Serious,12.937704777333753,80.15683685914235
2023-02-04 05:00:00,Clear,Dry,Minor,12.940639949139774,80.1577937049842
2023-02-04 06:00:00,Clear,Wet,Minor,13.051428631417053,80.17541078620033
2023-02-04 07:00:00,Clear,Wet,Minor,12.932044870699402,80.17866413407704
2023-02-04 08:00:00,Rain,Wet,Minor,12.90226484342671,80.20891106493093
2023-02-04 09:00:00,Snow,Dry,Serious,12.871172085468826,80.13197595267329
2023-02-04 10:00:00,Clear,Dry,Serious,12.966673280221102,80.23824933275719
2023-02-04 11:00:00,Clear,Snowy,Minor,12.97053302472996,80.1335133078609
2023-02-04 12:00:00,Rain,Wet,Minor,13.060227177600726,80.1620616964209
2023-02-04 13:00:00,Clear,Dry,Minor,12.905309674111516,80.20066902612123
2023-02-04 14:00:00,Clear,Snowy,Minor,12.9452478184171,80.25928811230469
2023-02-04 15:00:00,Clear,Wet,Minor,13.052101434723422,80.24789384664774
2023-02-04 16:00:00,Clear,Dry,Minor,13.055905902687243,80.2291068712821
2023-02-04 17:00:00,Clear,Wet,Minor,12.946152768994692,80.13115465211602
2023-02-04 18:00:00,Clear,Wet,Minor,12.96478100582167,80.20940906912311
2023-02-04 19:00:00,Clear,Wet,Serious,12.92582147271232,80.11748930035998
2023-02-04 20:00:00,Snow,Dry,Fatal,13.083138719604827,80.17547263535933
2023-02-04 21:00:00,Clear,Dry,Minor,12.879660941435395,80.18270330605799
2023-02-04 22:00:00,Rain,Icy,Serious,13.083437355750368,80.10796228788915
2023-02-04 23:00:00,Rain,Dry,Minor,13.020966612958835,80.15479761989398
2023-02-05 00:00:00,Clear,Dry,Minor,12.982893038171682,80.29112989345329
2023-02-05 01:00:00,Rain,Dry,Serious,12.858164765196124,80.29072652156593
2023-02-05 02:00:00,Clear,Dry,Serious,12.968899047955501,80.1704654108505
2023-02-05 03:00:00,Storm,Wet,Fatal,12.951937026250683,80.10862002178966
2023-02-05 04:00:00,Clear,Icy,Minor,12.890304702993781,80.13581898786563
2023-02-05 05:00:00,Clear,Dry,Minor,13.014102400875164,80.17844355868671
2023-02-05 06:00:00,Clear,Dry,Serious,13.09278772684207,80.28955593959384
2023-02-05 07:00:00,Storm,Dry,Minor,12.99054720276613,80.12823981270743
2023-02-05 08:00:00,Rain,Wet,Minor,13.028688319110985,80.25270316873363
2023-02-05 09:00:00,Rain,Wet,Minor,12.867112613141504,80.12173650787493
2023-02-05 10:00:00,Clear,Dry,Minor,12.954416748954248,80.29625151547825
2023-02-05 11:00:00,Rain,Wet,Minor,12.879089621291124,80.17632329982182
2023-02-05 12:00:00,Clear,Wet,Minor,13.003198958884127,80.25504690777981
2023-02-05 13:00:00,Fog,Wet,Serious,13.084620539553539,80.16851821656222
2023-02-05 14:00:00,Clear,Icy,Minor,13.01544443311791,80.22553377543176
2023-02-05 15:00:00,Clear,Dry,Minor,12.869200762078606,80.138403216948
2023-02-05 16:00:00,Clear,Wet,Minor,12.93866655124627,80.12920420385939
2023-02-05 17:00:00,Clear,Dry,Minor,12.987665844860212,80.28761282791362
2023-02-05 18:00:00,Rain,Wet,Minor,12.950801939033314,80.28352945558089
2023-02-05 19:00:00,Clear,Wet,Minor,13.058411002618794,80.27749378804258
2023-02-05 20:00:00,Rain,Wet,Serious,13.053667751177496,80.22508669003331
2023-02-05 21:00:00,Clear,Wet,Minor,13.002957755025806,80.26165364224325
2023-02-05 22:00:00,Rain,Dry,Fatal,12.943364486283176,80.11380738738227
2023-02-05 23:00:00,Clear,Dry,Minor,12.91383409344081,80.16695780837813
2023-02-06 00:00:00,Clear,Snowy,Minor,12.876468579553283,80.16274062495143
2023-02-06 01:00:00,Rain,Icy,Minor,12.938724420871639,80.22712906439052
2023-02-06 02:00:00,Clear,Dry,Minor,12.95329312930193,80.17119155469412
2023-02-06 03:00:00,Clear,Dry,Serious,13.018955731276018,80.12970135632874
2023-02-06 04:00:00,Fog,Dry,Minor,13.014539956074392,80.2192934150827
2023-02-06 05:00:00,Snow,Wet,Minor,12.867527034910314,80.26287678413381
2023-02-06 06:00:00,Clear,Wet,Serious,12.948814828857788,80.17642469889199
2023-02-06 07:00:00,Clear,Dry,Serious,12.89544471680434,80.1264537430197
2023-02-06 08:00:00,Rain,Dry,Serious,12.8892031763292,80.13933763946255
2023-02-06 09:00:00,Clear,Wet,Minor,13.05682553743431,80.14749666103387
2023-02-06 10:00:00,Clear,Wet,Serious,12.860478804179063,80.1599795185989
2023-02-06 11:00:00,Clear,Dry,Minor,12.95479571897553,80.22855901410126
2023-02-06 12:00:00,Rain,Dry,Minor,12.89205091394163,80.22018909690755
2023-02-06 13:00:00,Rain,Dry,Minor,13.069832553919618,80.2392159723134
2023-02-06 14:00:00,Clear,Dry,Minor,12.989260128318758,80.1725003969063
2023-02-06 15:00:00,Clear,Dry,Minor,12.907845159094212,80.264799530376
2023-02-06 16:00:00,Clear,Wet,Minor,12.975606821791594,80.14081753223115
2023-02-06 17:00:00,Rain,Wet,Serious,13.03287158992578,80.19380814950362
2023-02-06 18:00:00,Clear,Wet,Minor,13.089529502229858,80.26018774430828
2023-02-06 19:00:00,Clear,Wet,Minor,12.905111501061354,80.13603172954652
2023-02-06 20:00:00,Rain,Dry,Minor,13.071545443032337,80.12197262274815
2023-02-06 21:00:00,Clear,Dry,Serious,13.083576028541872,80.2767367935376
2023-02-06 22:00:00,Rain,Dry,Minor,13.079105136133016,80.16858593255184
2023-02-06 23:00:00,Clear,Dry,Minor,13.008853589215477,80.2367740249818
2023-02-07 00:00:00,Clear,Wet,Serious,13.007455163608677,80.10506972085278
2023-02-07 01:00:00,Clear,Snowy,Serious,12.950802658295956,80.23800937768189
2023-02-07 02:00:00,Rain,Dry,Minor,13.038099470575947,80.1632202623094
2023-02-07 03:00:00,Fog,Dry,Minor,12.982823504587733,80.11114817071748
2023-02-07 04:00:00,Fog,Wet,Serious,13.019359517807073,80.22196255230962
2023-02-07 05:00:00,Clear,Dry,Minor,12.957114475962198,80.14816076321463
2023-02-07 06:00:00,Rain,Dry,Minor,13.032874116010785,80.17736144841037
2023-02-07 07:00:00,Clear,Wet,Serious,13.056117879401137,80.1161161624573
2023-02-07 08:00:00,Clear,Wet,Minor,12.886609064150704,80.12943265021899
2023-02-07 09:00:00,Fog,Dry,Minor,13.058232428893557,80.15959544709916
2023-02-07 10:00:00,Clear,Dry,Minor,12.985074132947576,80.11795190011203
2023-02-07 11:00:00,Clear,Wet,Minor,13.061166477272556,80.28216525293726
2023-02-07 12:00:00,Clear,Dry,Minor,12.957825426585254,80.10120940863679
2023-02-07 13:00:00,Clear,Dry,Serious,12.944760121345759,80.19677204377285
2023-02-07 14:00:00,Clear,Wet,Minor,13.078765183129306,80.1246494916265
2023-02-07 15:00:00,Rain,Dry,Minor,12.9127923168871,80.16153581789558
2023-02-07 16:00:00,Clear,Wet,Minor,13.061053081321536,80.28521191196366
2023-02-07 17:00:00,Fog,Dry,Minor,12.97100514312735,80.1323389106548
2023-02-07 18:00:00,Fog,Snowy,Fatal,12.978523860637814,80.29316646394366
2023-02-07 19:00:00,Clear,Dry,Minor,12.92711707037237,80.14115887539788
2023-02-07 20:00:00,Clear,Dry,Minor,12.993260550154753,80.24831322169337
2023-02-07 21:00:00,Clear,Dry,Minor,12.931302799069053,80.20933545297946
2023-02-07 22:00:00,Rain,Dry,Minor,12.859817353560413,80.27689574551935
2023-02-07 23:00:00,Clear,Wet,Minor,12.917999651336089,80.21079865110062
2023-02-08 00:00:00,Rain,Snowy,Serious,12.851594760851647,80.20691184383126
2023-02-08 01:00:00,Clear,Dry,Fatal,13.094588696764214,80.13909160007367
2023-02-08 02:00:00,Rain,Dry,Minor,13.091436802454936,80.13324587241033
2023-02-08 03:00:00,Clear,Wet,Minor,12.948788824368076,80.2832978302231
2023-02-08 04:00:00,Clear,Wet,Serious,13.03209271358491,80.16556763977
2023-02-08 05:00:00,Snow,Dry,Serious,12.936451524602607,80.17441645099258
2023-02-08 06:00:00,Rain,Dry,Minor,13.017773289271494,80.25196473168567
2023-02-08 07:00:00,Clear,Dry,Minor,13.051357510761495,80.16776469648455
2023-02-08 08:00:00,Fog,Wet,Minor,13.08668906117306,80.29041248932779
2023-02-08 09:00:00,Clear,Dry,Serious,12.950053068962418,80.24758555379975
2023-02-08 10:00:00,Fog,Wet,Serious,13.045824495739012,80.21948584851468
2023-02-08 11:00:00,Rain,Dry,Minor,12.916482112658029,80.27617903210894
2023-02-08 12:00:00,Clear,Wet,Minor,13.097583075948412,80.10992118166989
2023-02-08 13:00:00,Clear,Dry,Serious,12.856442399691087,80.15141253843784
2023-02-08 14:00:00,Clear,Dry,Serious,13.00088220162528,80.19300726684418
2023-02-08 15:00:00,Rain,Dry,Fatal,13.014876495412832,80.1453957078943
2023-02-08 16:00:00,Rain,Wet,Serious,13.022011389268531,80.24878103746043
2023-02-08 17:00:00,Clear,Dry,Minor,12.880096894697273,80.28384160621074
2023-02-08 18:00:00,Clear,Dry,Minor,13.084632445868282,80.18475402398619
2023-02-08 19:00:00,Fog,Dry,Minor,12.89529581976252,80.16842652002238
2023-02-08 20:00:00,Storm,Dry,Minor,13.00568835080996,80.29231014642751
2023-02-08 21:00:00,Rain,Wet,Minor,12.90566901978077,80.18897048656551
2023-02-08 22:00:00,Clear,Wet,Serious,12.926804104255318,80.19780968008985
2023-02-08 23:00:00,Clear,Wet,Minor,12.98661463543203,80.17032997446837
2023-02-09 00:00:00,Clear,Dry,Serious,12.954298354641145,80.28190969460242
2023-02-09 01:00:00,Snow,Wet,Minor,12.890056400244125,80.21379109665637
2023-02-09 02:00:00,Clear,Dry,Fatal,12.892734100605212,80.25243491743633
2023-02-09 03:00:00,Rain,Dry,Minor,12.9545361970407,80.26236134367018
2023-02-09 04:00:00,Clear,Dry,Minor,13.039320744568874,80.16836980838345
2023-02-09 05:00:00,Rain,Dry,Minor,13.074491161711947,80.18673886626406
2023-02-09 06:00:00,Rain,Wet,Minor,12.871031915564846,80.26969435488125
2023-02-09 07:00:00,Fog,Wet,Serious,12.94827597688985,80.17265107033516
2023-02-09 08:00:00,Clear,Wet,Serious,12.87506139093072,80.25878702669037
2023-02-09 09:00:00,Clear,Dry,Minor,12.854148120158149,80.28819846451488
2023-02-09 10:00:00,Clear,Dry,Minor,13.015429670660989,80.2246420746136
2023-02-09 11:00:00,Snow,Dry,Minor,13.000612360491647,80.24832545749038
2023-02-09 12:00:00,Fog,Dry,Minor,12.89075477845372,80.26101946240823
2023-02-09 13:00:00,Rain,Dry,Serious,12.908453208273265,80.26900792977932
2023-02-09 14:00:00,Rain,Dry,Serious,12.855926938411129,80.17901066757136
2023-02-09 15:00:00,Rain,Dry,Minor,13.058736801423601,80.1102526918352
2023-02-09 16:00:00,Clear,Dry,Serious,13.093672649012138,80.18037525424734
2023-02-09 17:00:00,Snow,Wet,Minor,12.883864884198672,80.23475124595682
2023-02-09 18:00:00,Clear,Snowy,Serious,12.907868803441325,80.19007007715615
2023-02-09 19:00:00,Clear,Icy,Minor,13.067102380986734,80.24979263017208
2023-02-09 20:00:00,Rain,Wet,Serious,13.081615949489047,80.17139648589372
2023-02-09 21:00:00,Clear,Dry,Serious,12.954906845701702,80.2269488282208
2023-02-09 22:00:00,Clear,Wet,Minor,12.862655618067269,80.13728396097079
2023-02-09 23:00:00,Rain,Wet,Serious,12.859847958423204,80.24987388732899
2023-02-10 00:00:00,Clear,Dry,Minor,12.993487466517252,80.2091391937626
2023-02-10 01:00:00,Rain,Dry,Minor,12.948223777223294,80.14081287770931
2023-02-10 02:00:00,Clear,Wet,Minor,12.857163106894413,80.15838223469956
2023-02-10 03:00:00,Clear,Dry,Fatal,12.99581309807814,80.24972174171636
2023-02-10 04:00:00,Clear,Dry,Serious,12.852825634147255,80.1965202471323
2023-02-10 05:00:00,Clear,Dry,Serious,13.046842989537318,80.14320628807862
2023-02-10 06:00:00,Rain,Dry,Serious,12.926608205675842,80.29345423807406
2023-02-10 07:00:00,Clear,Dry,Minor,12.860064500752308,80.24302500396337
2023-02-10 08:00:00,Rain,Dry,Serious,12.997088055245788,80.29142696650796
2023-02-10 09:00:00,Clear,Dry,Minor,12.949421103608262,80.18542100907206
2023-02-10 10:00:00,Rain,Dry,Minor,13.093450103339286,80.19502006813833
2023-02-10 11:00:00,Snow,Wet,Minor,12.986049665625925,80.279591043237
2023-02-10 12:00:00,Rain,Dry,Serious,12.918809795259252,80.20500986804907
2023-02-10 13:00:00,Clear,Dry,Serious,13.027359716158493,80.24145578238112
2023-02-10 14:00:00,Clear,Dry,Minor,12.917873000635678,80.1504345754991
2023-02-10 15:00:00,Clear,Icy,Minor,13.076060822851892,80.18934529374053
2023-02-10 16:00:00,Rain,Dry,Serious,12.943680492626843,80.12468997316206
2023-02-10 17:00:00,Clear,Dry,Minor,12.98746714069405,80.14119600717538
2023-02-10 18:00:00,Clear,Wet,Serious,12.862643275956056,80.10018868305352
2023-02-10 19:00:00,Rain,Wet,Fatal,12.956530309488057,80.10785301032972
2023-02-10 20:00:00,Clear,Dry,Minor,13.058090884915249,80.29545676463539
2023-02-10 21:00:00,Rain,Wet,Minor,13.051412201340835,80.14847073902735
2023-02-10 22:00:00,Clear,Dry,Serious,12.906079639713381,80.2326621419008
2023-02-10 23:00:00,Clear,Dry,Serious,12.90651976775264,80.26781993975992
2023-02-11 00:00:00,Rain,Dry,Minor,13.054326328053309,80.21013209184731
2023-02-11 01:00:00,Clear,Dry,Fatal,13.082599605042331,80.13062890001679
2023-02-11 02:00:00,Rain,Wet,Minor,12.873840230318251,80.24562328746723
2023-02-11 03:00:00,Clear,Dry,Minor,12.962514659856556,80.22005028201991
2023-02-11 04:00:00,Clear,Dry,Serious,12.934363569741057,80.24625011786947
2023-02-11 05:00:00,Fog,Wet,Serious,13.06767211386436,80.25394932457141
2023-02-11 06:00:00,Rain,Wet,Minor,12.870881228670005,80.29508207353695
2023-02-11 07:00:00,Rain,Dry,Serious,12.902781485639508,80.21471265600533
2023-02-11 08:00:00,Clear,Wet,Minor,13.038117084396623,80.16832822253812
2023-02-11 09:00:00,Rain,Dry,Minor,12.862823462245304,80.22969291138004
2023-02-11 10:00:00,Clear,Wet,Minor,12.973133845178571,80.11368814184851
2023-02-11 11:00:00,Clear,Wet,Serious,12.96052675866993,80.27947946366432
2023-02-11 12:00:00,Snow,Snowy,Minor,12.933600294747187,80.12387620226764
2023-02-11 13:00:00,Clear,Dry,Minor,12.94864307882973,80.16556856757715
2023-02-11 14:00:00,Storm,Dry,Minor,12.982485146732557,80.26314907612522
2023-02-11 15:00:00,Clear,Dry,Serious,12.890341839597095,80.21946247566613
